{
  "klines": [
    [
      1759276800000,
      113988.7,
      114181.1,
      113899.4,
      114246.0,
      3773.132
    ],
    [
      1759280400000,
      114181.0,
      114491.6,
      114083.3,
      114498.0,
      3764.019
    ],
    [
      1759284000000,
      114491.6,
      114219.0,
      114218.9,
      114494.0,
      2618.284
    ],
    "... (truncated 4917 items) ...",
    [
      1776988800000,
      78214.3,
      78384.5,
      78116.6,
      78459.0,
      1279.851
    ],
    [
      1776992400000,
      78384.5,
      78378.5,
      77910.6,
      78420.0,
      1849.08
    ],
    [
      1776996000000,
      78378.5,
      78396.5,
      78360.0,
      78397.3,
      23.358
    ]
  ],
  "liq_vacuum": [
    [
      73953.19635,
      74704.7218875
    ],
    [
      80311.22458125,
      81848.91304705881
    ],
    [
      82671.51518823528,
      86209.8646
    ],
    [
      93050.6192375,
      94191.28031666667
    ],
    [
      97775.95389545456,
      102559.00044615383
    ],
    [
      103589.74416923075,
      104815.54870000001
    ],
    [
      105868.9713,
      107238.72443749999
    ],
    [
      111163.76689999999,
      112319.40289
    ]
  ]
}