{
  "cvd_series": [
    [
      1759276800000,
      0
    ],
    [
      1759280400000,
      0
    ],
    [
      1759284000000,
      0
    ],
    "... (truncated 4917 items) ...",
    [
      1776988800000,
      15236037081.024887
    ],
    [
      1776992400000,
      15236037081.024887
    ],
    [
      1776996000000,
      15236037081.024887
    ]
  ],
  "imbalance_series": [
    [
      1759276800000,
      0
    ],
    [
      1759280400000,
      0
    ],
    [
      1759284000000,
      0
    ],
    "... (truncated 4917 items) ...",
    [
      1776988800000,
      0
    ],
    [
      1776992400000,
      0
    ],
    [
      1776996000000,
      0
    ]
  ],
  "inst_vol_series": [
    [
      1759276800000,
      0
    ],
    [
      1759280400000,
      0
    ],
    [
      1759284000000,
      0
    ],
    "... (truncated 4917 items) ...",
    [
      1776988800000,
      0
    ],
    [
      1776992400000,
      0
    ],
    [
      1776996000000,
      0
    ]
  ],
  "klines": [
    [
      1759276800000,
      113988.7,
      114181.1,
      113899.4,
      114246.0,
      3773.132
    ],
    [
      1759280400000,
      114181.0,
      114491.6,
      114083.3,
      114498.0,
      3764.019
    ],
    [
      1759284000000,
      114491.6,
      114219.0,
      114218.9,
      114494.0,
      2618.284
    ],
    "... (truncated 4917 items) ...",
    [
      1776988800000,
      78214.3,
      78384.5,
      78116.6,
      78459.0,
      1279.851
    ],
    [
      1776992400000,
      78384.5,
      78378.5,
      77910.6,
      78420.0,
      1849.08
    ],
    [
      1776996000000,
      78378.5,
      78396.5,
      78360.0,
      78397.3,
      23.358
    ]
  ],
  "liquidity_sweep": [],
  "micro_poc": [
    {
      "end_time": 1760709600000,
      "poc_price": 105577.64400000001,
      "start_time": 1760425200000,
      "type": "Accumulation",
      "volume": 1121273136.4433815
    },
    {
      "end_time": 1760983200000,
      "poc_price": 106488.8897,
      "start_time": 1760860800000,
      "type": "Distribution",
      "volume": 298933216.75638866
    },
    {
      "end_time": 1761166800000,
      "poc_price": 107780.91,
      "start_time": 1761019200000,
      "type": "Accumulation",
      "volume": 237679869.7186453
    },
    "... (truncated 70 items) ...",
    {
      "end_time": 1776434400000,
      "poc_price": 77423.03340000001,
      "start_time": 1776412800000,
      "type": "Distribution",
      "volume": 952905392.3054582
    },
    {
      "end_time": 1776672000000,
      "poc_price": 74871.3281,
      "start_time": 1776578400000,
      "type": "Accumulation",
      "volume": 147363007.28782955
    },
    {
      "end_time": null,
      "poc_price": 79187.004,
      "start_time": 1776718800000,
      "type": "Distribution",
      "volume": 298596512.75742173
    }
  ],
  "order_blocks": [],
  "poc_shift": [],
  "volume_profile": [],
  "vwap_series": [
    [
      1759276800000,
      114108.83333333333
    ],
    [
      1759280400000,
      114357.63333333335
    ],
    [
      1759284000000,
      114310.63333333335
    ],
    "... (truncated 4917 items) ...",
    [
      1776988800000,
      84584.1151956721
    ],
    [
      1776992400000,
      84584.1151956721
    ],
    [
      1776996000000,
      84584.1151956721
    ]
  ]
}