{
  "cvd_series": [
    [
      1759276800000,
      0
    ],
    [
      1759280400000,
      0
    ],
    [
      1759284000000,
      0
    ],
    "... (truncated 4917 items) ...",
    [
      1776988800000,
      15236037081.024887
    ],
    [
      1776992400000,
      15236037081.024887
    ],
    [
      1776996000000,
      15236037081.024887
    ]
  ],
  "imbalance_series": [
    [
      1759276800000,
      0
    ],
    [
      1759280400000,
      0
    ],
    [
      1759284000000,
      0
    ],
    "... (truncated 4917 items) ...",
    [
      1776988800000,
      0
    ],
    [
      1776992400000,
      0
    ],
    [
      1776996000000,
      0
    ]
  ],
  "inst_vol_series": [
    [
      1759276800000,
      0
    ],
    [
      1759280400000,
      0
    ],
    [
      1759284000000,
      0
    ],
    "... (truncated 4917 items) ...",
    [
      1776988800000,
      0
    ],
    [
      1776992400000,
      0
    ],
    [
      1776996000000,
      0
    ]
  ],
  "klines": [
    [
      1759276800000,
      113988.7,
      114181.1,
      113899.4,
      114246.0,
      3773.132
    ],
    [
      1759280400000,
      114181.0,
      114491.6,
      114083.3,
      114498.0,
      3764.019
    ],
    [
      1759284000000,
      114491.6,
      114219.0,
      114218.9,
      114494.0,
      2618.284
    ],
    "... (truncated 4917 items) ...",
    [
      1776988800000,
      78214.3,
      78384.5,
      78116.6,
      78459.0,
      1279.851
    ],
    [
      1776992400000,
      78384.5,
      78378.5,
      77910.6,
      78420.0,
      1849.08
    ],
    [
      1776996000000,
      78378.5,
      78396.5,
      78360.0,
      78397.3,
      23.358
    ]
  ],
  "liquidity_sweep": [],
  "micro_poc": [],
  "order_blocks": [],
  "poc_shift": [
    [
      1760544000000,
      111186.78,
      28824565.28644385
    ],
    [
      1760688000000,
      105673.5625,
      1121273136.4433815
    ],
    [
      1760706000000,
      105670.71250000001,
      463432706.7928804
    ],
    "... (truncated 270 items) ...",
    [
      1776870000000,
      79166.25,
      298596512.75742173
    ],
    [
      1776888000000,
      78915.84,
      8356410.7056
    ],
    [
      1776960000000,
      78650.97575,
      147740947.7133468
    ]
  ],
  "volume_profile": [],
  "vwap_series": [
    [
      1759276800000,
      114108.83333333333
    ],
    [
      1759280400000,
      114357.63333333335
    ],
    [
      1759284000000,
      114310.63333333335
    ],
    "... (truncated 4917 items) ...",
    [
      1776988800000,
      84584.1151956721
    ],
    [
      1776992400000,
      84584.1151956721
    ],
    [
      1776996000000,
      84584.1151956721
    ]
  ]
}