{
  "klines": [
    [
      1759276800000,
      113988.7,
      114181.1,
      113899.4,
      114246.0,
      3773.132
    ],
    [
      1759280400000,
      114181.0,
      114491.6,
      114083.3,
      114498.0,
      3764.019
    ],
    [
      1759284000000,
      114491.6,
      114219.0,
      114218.9,
      114494.0,
      2618.284
    ],
    "... (truncated 4917 items) ...",
    [
      1776988800000,
      78214.3,
      78384.5,
      78116.6,
      78459.0,
      1279.851
    ],
    [
      1776992400000,
      78384.5,
      78378.5,
      77910.6,
      78420.0,
      1849.08
    ],
    [
      1776996000000,
      78378.5,
      78396.5,
      78360.0,
      78397.3,
      23.358
    ]
  ],
  "trend_saturation": {
    "avg_vol": 394747512.1013763,
    "current_vol": 391560753.72706497,
    "progress": 99.19270970009485,
    "start_time": "2026-04-20 21:00:00",
    "type": "Distribution"
  }
}